"Index","strategy"
2003-01-02,0
2003-01-03,0
2003-01-06,0
2003-01-07,0
2003-01-08,0
2003-01-09,0
2003-01-10,0
2003-01-13,0
2003-01-14,0
2003-01-15,0
2003-01-16,0
2003-01-17,0
2003-01-21,0
2003-01-22,0
2003-01-23,0
2003-01-24,0
2003-01-27,0
2003-01-28,0
2003-01-29,0
2003-01-30,0
2003-01-31,0
2003-02-03,0
2003-02-04,0
2003-02-05,0
2003-02-06,0
2003-02-07,0.000304503693580482
2003-02-10,-0.000698851075870865
2003-02-11,-0.000461853718824567
2003-02-12,-0.00013842856789692
2003-02-13,0.000192152884837871
2003-02-14,-0.000255881775671041
2003-02-18,-0.000122801661675997
2003-02-19,0.000351606832412754
2003-02-20,0.000687558910723807
2003-02-21,0.000246202263738615
2003-02-24,0.000663473747291921
2003-02-25,0.000946671290362078
2003-02-26,0.00141716641671841
2003-02-27,0.00179126202809332
2003-02-28,0.00266647282862453
2003-03-03,0.00272980521798383
2003-03-04,0.0020615305412075
2003-03-05,0.00267560697141067
2003-03-06,0.0016165152057952
2003-03-07,0.00215188242181208
2003-03-10,0.000872976586671292
2003-03-11,-0.000245613184544968
2003-03-12,-0.00211212417584228
2003-03-13,-0.00143073852498277
2003-03-14,-0.00147744070705014
2003-03-17,0.000640731489964574
2003-03-18,0.0022804176336837
2003-03-19,0.00204324047800264
2003-03-20,0.00514300049005634
2003-03-21,0.00953288385453677
2003-03-24,-0.00347329322621615
2003-03-25,0.00222778474742258
2003-03-26,0.000821415616237609
2003-03-27,-0.000524121226114782
2003-03-28,-0.000922242922196115
2003-03-31,-0.0115471431194737
2003-04-01,-0.00150969127180223
2003-04-02,0.00962573862555693
2003-04-03,0.00602503481347449
2003-04-04,0.0111196735548462
2003-04-07,0.013942144317403
2003-04-08,0.0100817458217817
2003-04-09,0.00464740151989718
2003-04-10,0.00792019040716374
2003-04-11,0.00723845046131921
2003-04-14,0.0174439353357934
2003-04-15,0.0234521720015084
2003-04-16,0.0181615180963679
2003-04-17,0.0303990493131827
2003-04-21,0.0302841086665846
2003-04-22,0.0415954956429685
2003-04-23,0.043214015102828
2003-04-24,0.0333943499224376
2003-04-25,0.0232626333612937
2003-04-28,0.0340362754199364
2003-04-29,0.0386284719830692
2003-04-30,0.0407769960011855
2003-05-01,0.0406353175043956
2003-05-02,0.0491462762950501
2003-05-05,0.0511359570857721
2003-05-06,0.0607771557583441
2003-05-07,0.0583124763860359
2003-05-08,0.0514582671899493
2003-05-09,0.0640899019100964
2003-05-12,0.0770009448890729
2003-05-13,0.0739499025166739
2003-05-14,0.0717221034104925
2003-05-15,0.0756770769341586
2003-05-16,0.0792990447256037
2003-05-19,0.057178453655244
2003-05-20,0.0635864567376727
2003-05-21,0.0668199855844593
2003-05-22,0.0769626684817584
2003-05-23,0.0850273226235745
2003-05-27,0.0955727634949277
2003-05-28,0.0915748611555396
2003-05-29,0.0912719871441852
2003-05-30,0.104578966561083
2003-06-02,0.110365908554562
2003-06-03,0.113423203749182
2003-06-04,0.132518384628438
2003-06-05,0.135430123033177
2003-06-06,0.135455712362342
2003-06-09,0.127489004703419
2003-06-10,0.13787204660451
2003-06-11,0.154270743567942
2003-06-12,0.155862524542788
2003-06-13,0.146431356329759
2003-06-16,0.165303138352824
2003-06-17,0.16565736255627
2003-06-18,0.160354037640974
2003-06-19,0.150357560473553
2003-06-20,0.151505389683589
2003-06-23,0.132827186467242
2003-06-24,0.131772876877372
2003-06-25,0.127902180746557
2003-06-26,0.13474099898023
2003-06-27,0.127136245149797
2003-06-30,0.126366672214587
2003-07-01,0.134030656214699
2003-07-02,0.14975459412943
2003-07-03,0.144462619599175
2003-07-07,0.16260640651569
2003-07-08,0.164734366487145
2003-07-09,0.158390185114736
2003-07-10,0.143255636131173
2003-07-11,0.151658267542712
2003-07-14,0.162872401716737
2003-07-15,0.157061178013042
2003-07-16,0.154948816431801
2003-07-17,0.142350623354505
2003-07-18,0.14931536969081
2003-07-21,0.142076397148102
2003-07-22,0.147280467227191
2003-07-23,0.144582251309794
2003-07-24,0.145793794149086
2003-07-25,0.154512009334152
2003-07-28,0.153114559547379
2003-07-29,0.152755859664751
2003-07-30,0.147491793215416
2003-07-31,0.149842353550225
2003-08-01,0.144915564532789
2003-08-04,0.141840132002731
2003-08-05,0.132082699713053
2003-08-06,0.132449347662841
2003-08-07,0.136479550814183
2003-08-08,0.135644203761171
2003-08-11,0.138591423217123
2003-08-12,0.141347253690026
2003-08-13,0.143492962736576
2003-08-14,0.150539940423613
2003-08-15,0.150559066617614
2003-08-18,0.155053285186643
2003-08-19,0.154893951066752
2003-08-20,0.156844018984345
2003-08-21,0.162917742495624
2003-08-22,0.157790079615064
2003-08-25,0.153471832665453
2003-08-26,0.153838811474453
2003-08-27,0.155547020373016
2003-08-28,0.160656190341735
2003-08-29,0.165934527537535
2003-09-02,0.178673004320568
2003-09-03,0.181553239623624
2003-09-04,0.184971488277951
2003-09-05,0.18190930546143
2003-09-08,0.191656211704596
2003-09-09,0.181134873582251
2003-09-10,0.169721156834624
2003-09-11,0.177191952101349
2003-09-12,0.18022595354906
2003-09-15,0.177484491869082
2003-09-16,0.189195870330733
2003-09-17,0.188159830281017
2003-09-18,0.199380741712162
2003-09-19,0.194741392480221
2003-09-22,0.182222801206957
2003-09-23,0.185438159552052
2003-09-24,0.176731083965363
2003-09-25,0.171569785394859
2003-09-26,0.169878214079911
2003-09-29,0.175073949989614
2003-09-30,0.172288086874665
2003-10-01,0.18889607309939
2003-10-02,0.194568036812989
2003-10-03,0.202252491612514
2003-10-06,0.207088482658113
2003-10-07,0.206944583349413
2003-10-08,0.203988847819369
2003-10-09,0.207559377859322
2003-10-10,0.212520469961744
2003-10-13,0.217596967127216
2003-10-14,0.217255140574906
2003-10-15,0.211909127291595
2003-10-16,0.213265265848858
2003-10-17,0.206265964284676
2003-10-20,0.212555578485229
2003-10-21,0.217277090519797
2003-10-22,0.20535014980371
2003-10-23,0.194356820565178
2003-10-24,0.191372472188431
2003-10-27,0.197089429270593
2003-10-28,0.211969020380446
2003-10-29,0.212665020070945
2003-10-30,0.214117502896157
2003-10-31,0.212290629197964
2003-11-03,0.22103687347717
2003-11-04,0.220486901076442
2003-11-05,0.21911011018835
2003-11-06,0.216454486265276
2003-11-07,0.219860184597197
2003-11-10,0.213072363952516
2003-11-11,0.206853748405982
2003-11-12,0.219125170622925
2003-11-13,0.220114744060439
2003-11-14,0.216403334232876
2003-11-17,0.206082718903992
2003-11-18,0.207153689662426
2003-11-19,0.208609047928623
2003-11-20,0.202258546197338
2003-11-21,0.20338149014623
2003-11-24,0.208461567668972
2003-11-25,0.21276947623401
2003-11-26,0.215204034713719
2003-11-28,0.217181894460679
2003-12-01,0.228604577463248
2003-12-02,0.228936917500324
2003-12-03,0.230359752529275
2003-12-04,0.233246717521282
2003-12-05,0.231867006609698
2003-12-08,0.237676434637754
2003-12-09,0.235365767965168
2003-12-10,0.230888147748719
2003-12-11,0.239504205623684
2003-12-12,0.241495865616191
2003-12-15,0.236228032975466
2003-12-16,0.245610148301729
2003-12-17,0.248628825272996
2003-12-18,0.260902726755406
2003-12-19,0.258094796879367
2003-12-22,0.264438413365482
2003-12-23,0.264140380334736
2003-12-24,0.268559971749917
2003-12-26,0.271100804648629
2003-12-29,0.283853794739312
2003-12-30,0.285889037119596
2003-12-31,0.29012137134071
2004-01-02,0.297076393960491
2004-01-05,0.3170587916715
2004-01-06,0.319240724105856
2004-01-07,0.314545627146431
2004-01-08,0.323900830978303
2004-01-09,0.320843783449422
2004-01-12,0.327029870992376
2004-01-13,0.319293668510694
2004-01-14,0.329055409158257
2004-01-15,0.321979902823189
2004-01-16,0.319445249448318
2004-01-20,0.33112411384386
2004-01-21,0.343436921387046
2004-01-22,0.344968312355387
2004-01-23,0.336205532239803
2004-01-26,0.346570261172574
2004-01-27,0.340264310438488
2004-01-28,0.317797181679489
2004-01-29,0.313107525166882
2004-01-30,0.313545575672867
2004-02-02,0.314821938546817
2004-02-03,0.318353068590004
2004-02-04,0.306788632998528
2004-02-05,0.31073340195764
2004-02-06,0.328992697279987
2004-02-09,0.332526760083763
2004-02-10,0.336821790490925
2004-02-11,0.344583459978749
2004-02-12,0.3403796038331
2004-02-13,0.337071910187716
2004-02-17,0.348044111179025
2004-02-18,0.340491287606908
2004-02-19,0.340534986218894
2004-02-20,0.329780322886876
2004-02-23,0.329511063575103
2004-02-24,0.330628716392844
2004-02-25,0.331027984548386
2004-02-26,0.331796242720702
2004-02-27,0.337302780358616
2004-03-01,0.348927757262551
2004-03-02,0.34352099302628
2004-03-03,0.340436142676764
2004-03-04,0.345707011940608
2004-03-05,0.355399238472886
2004-03-08,0.349137937509743
2004-03-09,0.343105364860826
2004-03-10,0.322874071711356
2004-03-11,0.30694205092549
2004-03-12,0.31538145821541
2004-03-15,0.303677693653523
2004-03-16,0.312166130335845
2004-03-17,0.320098133170074
2004-03-18,0.322213949197681
2004-03-19,0.318786728584166
2004-03-22,0.310495495336929
2004-03-23,0.313287417671205
2004-03-24,0.311637693035026
2004-03-25,0.313735992538721
2004-03-26,0.312253511711336
2004-03-29,0.312522207656568
2004-03-30,0.313742528817188
2004-03-31,0.315441035652435
2004-04-01,0.317057599247297
2004-04-02,0.313321853377525
2004-04-05,0.308314578242273
2004-04-06,0.305114052873805
2004-04-07,0.305491320814547
2004-04-08,0.302808943843213
2004-04-12,0.306086697812363
2004-04-13,0.294967208371052
2004-04-14,0.287770813341936
2004-04-15,0.287188533714573
2004-04-16,0.292101705068495
2004-04-19,0.292213782474834
2004-04-20,0.279629447611841
2004-04-21,0.279518770136733
2004-04-22,0.291684970843959
2004-04-23,0.291900607243637
2004-04-26,0.285746506562403
2004-04-27,0.286730454296578
2004-04-28,0.26897693243063
2004-04-29,0.260341745675648
2004-04-30,0.256548669239362
2004-05-03,0.263320231724201
2004-05-04,0.266427445423379
2004-05-05,0.267861707854302
2004-05-06,0.264295451928769
2004-05-07,0.257899912305324
2004-05-10,0.254341425944533
2004-05-11,0.255011844197448
2004-05-12,0.255195665167829
2004-05-13,0.254956212031112
2004-05-14,0.255530604515056
2004-05-17,0.254992550432612
2004-05-18,0.254992550432612
2004-05-19,0.254992550432612
2004-05-20,0.254992550432612
2004-05-21,0.254992550432612
2004-05-24,0.254992550432612
2004-05-25,0.254992550432612
2004-05-26,0.254992550432612
2004-05-27,0.254635014444506
2004-05-28,0.25538393668923
2004-06-01,0.254583921542076
2004-06-02,0.255550044122053
2004-06-03,0.255377785095307
2004-06-04,0.255732330242611
2004-06-07,0.260558422036399
2004-06-08,0.260947250041782
2004-06-09,0.252066759896854
2004-06-10,0.258192079644711
2004-06-14,0.242087569462637
2004-06-15,0.256189466789721
2004-06-16,0.257521332039283
2004-06-17,0.259602757179602
2004-06-18,0.262054212720517
2004-06-21,0.260904181050701
2004-06-22,0.261443370616464
2004-06-23,0.269940315514517
2004-06-24,0.272896884775249
2004-06-25,0.271091966703762
2004-06-28,0.268978104281501
2004-06-29,0.269917715740309
2004-06-30,0.280297379807067
2004-07-01,0.272060879360575
2004-07-02,0.27634423130881
2004-07-06,0.270582390025448
2004-07-07,0.279338064175549
2004-07-08,0.269901484865059
2004-07-09,0.275877877479625
2004-07-12,0.277326750525327
2004-07-13,0.276432354963442
2004-07-14,0.274653482751063
2004-07-15,0.274658130182458
2004-07-16,0.280995864116115
2004-07-19,0.28227485201033
2004-07-20,0.280457683988557
2004-07-21,0.269807291072397
2004-07-22,0.268675718375145
2004-07-23,0.263151653010736
2004-07-26,0.260175776541978
2004-07-27,0.260727620384315
2004-07-28,0.264285480230377
2004-07-29,0.266954997141459
2004-07-30,0.269643720516237
2004-08-02,0.272267570770053
2004-08-03,0.273474513899145
2004-08-04,0.272703229629446
2004-08-05,0.267670820644662
2004-08-06,0.268355334497023
2004-08-09,0.269899807893758
2004-08-10,0.272003899079849
2004-08-11,0.270292195097507
2004-08-12,0.269841689436101
2004-08-13,0.2700605290096
2004-08-16,0.272643670629735
2004-08-17,0.274196961687539
2004-08-18,0.27675377028269
2004-08-19,0.277234095802668
2004-08-20,0.279679919862101
2004-08-23,0.277816591423942
2004-08-24,0.279727679213174
2004-08-25,0.284914201374627
2004-08-26,0.285435250060972
2004-08-27,0.286182079513244
2004-08-30,0.281865224404414
2004-08-31,0.289855099040926
2004-09-01,0.293910959211541
2004-09-02,0.301216521373262
2004-09-03,0.294600166296759
2004-09-07,0.304568415961971
2004-09-08,0.30150694548563
2004-09-09,0.301570942125512
2004-09-10,0.30463182977944
2004-09-13,0.307883127446571
2004-09-14,0.312126792940964
2004-09-15,0.303000321441524
2004-09-16,0.313715485177173
2004-09-17,0.316036299573585
2004-09-20,0.312445939712371
2004-09-21,0.324680578677115
2004-09-22,0.31023213562525
2004-09-23,0.306752321347297
2004-09-24,0.308662242788559
2004-09-27,0.303129018967401
2004-09-28,0.3134056782382
2004-09-29,0.315280100085666
2004-09-30,0.317963740378538
2004-10-01,0.333532668548895
2004-10-04,0.340023524579994
2004-10-05,0.340224074442654
2004-10-06,0.346286658524557
2004-10-07,0.338705987165937
2004-10-08,0.340200735406516
2004-10-11,0.341591281726862
2004-10-12,0.334072525936457
2004-10-13,0.321862472305397
2004-10-14,0.318129529781124
2004-10-15,0.329009274696535
2004-10-18,0.328358382026091
2004-10-19,0.323965669061116
2004-10-20,0.327138848441443
2004-10-21,0.333097036610693
2004-10-22,0.328050980939627
2004-10-25,0.329953764875943
2004-10-26,0.335664678384647
2004-10-27,0.340653447878643
2004-10-28,0.339574239114833
2004-10-29,0.344736587861168
2004-11-01,0.34721954489698
2004-11-02,0.345296889287519
2004-11-03,0.357985600746198
2004-11-04,0.370237349587381
2004-11-05,0.368641675596631
2004-11-08,0.366505933620532
2004-11-09,0.366258321676578
2004-11-10,0.367210344389165
2004-11-11,0.375660990520166
2004-11-12,0.389575387430763
2004-11-15,0.391202164196285
2004-11-16,0.383192352930975
2004-11-17,0.393388959188921
2004-11-18,0.391955630411218
2004-11-19,0.382010579236701
2004-11-22,0.387852328435915
2004-11-23,0.391976477095158
2004-11-24,0.401828117663572
2004-11-26,0.407835956157817
2004-11-29,0.404676619623347
2004-11-30,0.399429195405786
2004-12-01,0.415239183282677
2004-12-02,0.411325472079362
2004-12-03,0.41563639306825
2004-12-06,0.414175884109254
2004-12-07,0.396652345593099
2004-12-08,0.396498234707628
2004-12-09,0.396484084667029
2004-12-10,0.390715578445114
2004-12-13,0.405225394580639
2004-12-14,0.409583939712622
2004-12-15,0.41958730191144
2004-12-16,0.411569501730068
2004-12-17,0.410835440809856
2004-12-20,0.416835708961507
2004-12-21,0.424922499191581
2004-12-22,0.425819960525182
2004-12-23,0.425496836248087
2004-12-27,0.424222925626088
2004-12-28,0.432826534244392
2004-12-29,0.431477250850978
2004-12-30,0.436017920777648
2004-12-31,0.437381651029287
2005-01-03,0.426123478250054
2005-01-04,0.404819868540186
2005-01-05,0.397223980504878
2005-01-06,0.399876933336648
2005-01-07,0.397150755997241
2005-01-10,0.40019430099424
2005-01-11,0.398546134464482
2005-01-12,0.403354503400654
2005-01-13,0.398962234543565
2005-01-14,0.404950136790248
2005-01-18,0.407544977740051
2005-01-19,0.402976186297461
2005-01-20,0.399354341382775
2005-01-21,0.400450360262286
2005-01-24,0.401937171961964
2005-01-25,0.400489630004127
2005-01-26,0.40432856517049
2005-01-27,0.404467137512853
2005-01-28,0.403713158592731
2005-01-31,0.406576166445069
2005-02-01,0.408664734066816
2005-02-02,0.41007822057807
2005-02-03,0.409286663300325
2005-02-04,0.413605679564898
2005-02-07,0.413865383034994
2005-02-08,0.416934577903154
2005-02-09,0.414797690064775
2005-02-10,0.418946328744546
2005-02-11,0.425853660744675
2005-02-14,0.428701399610077
2005-02-15,0.43196373441507
2005-02-16,0.432742075577345
2005-02-17,0.428826705757998
2005-02-18,0.433524615165405
2005-02-22,0.423719369546247
2005-02-23,0.427841885710189
2005-02-24,0.435402660567806
2005-02-25,0.450452313914634
2005-02-28,0.443988616092635
2005-03-01,0.447056591348889
2005-03-02,0.443976149951634
2005-03-03,0.447697412277317
2005-03-04,0.465057579352431
2005-03-07,0.464391859921924
2005-03-08,0.461530008776008
2005-03-09,0.450488133571137
2005-03-10,0.446720406793851
2005-03-11,0.445028932811508
2005-03-14,0.446418902379632
2005-03-15,0.436310920750004
2005-03-16,0.4326925620824
2005-03-17,0.43844280215895
2005-03-18,0.438637302156918
2005-03-21,0.433146882253512
2005-03-22,0.422485918138378
2005-03-23,0.413868778356691
2005-03-24,0.414370645351765
2005-03-28,0.413761517324713
2005-03-29,0.404129871822307
2005-03-30,0.40881689830308
2005-03-31,0.412407523414935
2005-04-01,0.413082011101312
2005-04-04,0.413215094537342
2005-04-05,0.4134979234731
2005-04-06,0.413631046079572
2005-04-07,0.413631046079572
2005-04-08,0.413072737411605
2005-04-11,0.413546752443122
2005-04-12,0.414022380278196
2005-04-13,0.413554827812721
2005-04-14,0.412891868608234
2005-04-15,0.4133004268096
2005-04-18,0.412993512804118
2005-04-19,0.414410794363615
2005-04-20,0.413246910431768
2005-04-21,0.41313302169184
2005-04-22,0.414101023092041
2005-04-25,0.41591574119767
2005-04-26,0.414507035547514
2005-04-27,0.417430348482383
2005-04-28,0.417126356161444
2005-04-29,0.420461337571705
2005-05-02,0.420324925668405
2005-05-03,0.419798644017161
2005-05-04,0.421923637277935
2005-05-05,0.422007843978132
2005-05-06,0.41958725934544
2005-05-09,0.423059837058206
2005-05-10,0.420433563100686
2005-05-11,0.423214644061706
2005-05-12,0.419551111938238
2005-05-13,0.418089753959517
2005-05-16,0.422343785552882
2005-05-17,0.424186085482995
2005-05-18,0.429583800957012
2005-05-19,0.431708687378821
2005-05-20,0.432127408760411
2005-05-23,0.43352764063517
2005-05-24,0.433677518204351
2005-05-25,0.428946685104224
2005-05-26,0.432462504207045
2005-05-27,0.435187534295257
2005-05-31,0.433945943301946
2005-06-01,0.44153189050015
2005-06-02,0.445308358237476
2005-06-03,0.441246987013967
2005-06-06,0.445640633235417
2005-06-07,0.446414731254488
2005-06-08,0.44542226306638
2005-06-09,0.44935563275122
2005-06-10,0.448299256217967
2005-06-13,0.451090250731846
2005-06-14,0.452922112107893
2005-06-15,0.458368897773271
2005-06-16,0.465117220168043
2005-06-17,0.477087120419915
2005-06-20,0.471699139139335
2005-06-21,0.47000558289157
2005-06-22,0.473173382897894
2005-06-23,0.461408236252263
2005-06-24,0.455680276003549
2005-06-27,0.457342994878218
2005-06-28,0.463026930993531
2005-06-29,0.459728759242252
2005-06-30,0.457290735604792
2005-07-01,0.458913721411657
2005-07-05,0.462950493190801
2005-07-06,0.456331214979294
2005-07-07,0.45697932674057
2005-07-08,0.463882347928644
2005-07-11,0.47258614554048
2005-07-12,0.478475449095994
2005-07-13,0.476162619177906
2005-07-14,0.472616471334465
2005-07-15,0.471220223931111
2005-07-18,0.470338152509874
2005-07-19,0.478321824546144
2005-07-20,0.484357382222291
2005-07-21,0.483645659179626
2005-07-22,0.486165043834707
2005-07-25,0.480524090455167
2005-07-26,0.482310427228069
2005-07-27,0.489813676032623
2005-07-28,0.50065830378971
2005-07-29,0.493190586467717
2005-08-01,0.499617054210494
2005-08-02,0.51429735128294
2005-08-03,0.51658600217726
2005-08-04,0.505194831849121
2005-08-05,0.490560130872513
2005-08-08,0.489778176001958
2005-08-09,0.503007751574973
2005-08-10,0.508033203359112
2005-08-11,0.518490450352849
2005-08-12,0.513393827065931
2005-08-15,0.513297352291166
2005-08-16,0.498073098338133
2005-08-17,0.496347405010758
2005-08-18,0.484256167304038
2005-08-19,0.486943110161961
2005-08-22,0.497338804080012
2005-08-23,0.490544071961819
2005-08-24,0.484450839074112
2005-08-25,0.489511281605976
2005-08-26,0.483339870464816
2005-08-29,0.485851578142231
2005-08-30,0.485909257714982
2005-08-31,0.500571688305457
2005-09-01,0.50849285305469
2005-09-02,0.508463213276412
2005-09-06,0.512209313583923
2005-09-07,0.510677452638156
2005-09-08,0.508545376822944
2005-09-09,0.519835055592695
2005-09-12,0.511218054277858
2005-09-13,0.504422343473125
2005-09-14,0.507885482354299
2005-09-15,0.510565311504364
2005-09-16,0.518292688908015
2005-09-19,0.517142390372504
2005-09-20,0.511934739896372
2005-09-21,0.512193507647828
2005-09-22,0.510797897842723
2005-09-23,0.507484161296397
2005-09-26,0.517456920856986
2005-09-27,0.515014751952104
2005-09-28,0.521308147720479
2005-09-29,0.53293264096808
2005-09-30,0.527278656693552
2005-10-03,0.526502898956029
2005-10-04,0.515508624979626
2005-10-05,0.492856095686951
2005-10-06,0.478375662959257
2005-10-07,0.490107936013075
2005-10-10,0.488359600468543
2005-10-11,0.493446233246516
2005-10-12,0.488140898802714
2005-10-13,0.485645312442852
2005-10-14,0.486542708397314
2005-10-17,0.486088170394252
2005-10-18,0.483417833717037
2005-10-19,0.484807989735806
2005-10-20,0.479976298636211
2005-10-21,0.481732726646825
2005-10-24,0.482165076884105
2005-10-25,0.482443738653854
2005-10-26,0.48243660854032
2005-10-27,0.48187820794639
2005-10-28,0.483543956411724
2005-10-31,0.483921030277602
2005-11-01,0.483457308110998
2005-11-02,0.483850153270138
2005-11-03,0.483544247340144
2005-11-04,0.483555778462908
2005-11-07,0.484367184222102
2005-11-08,0.483501392031376
2005-11-09,0.483212807923279
2005-11-10,0.488626796819312
2005-11-11,0.492040841860855
2005-11-14,0.490083802233416
2005-11-15,0.485260426217169
2005-11-16,0.488493841326541
2005-11-17,0.498924938632059
2005-11-18,0.502753737264467
2005-11-21,0.508082745352083
2005-11-22,0.51438620961717
2005-11-23,0.521503574283085
2005-11-25,0.522120029002274
2005-11-28,0.515528911913403
2005-11-29,0.515528312663622
2005-11-30,0.508408795121158
2005-12-01,0.529325163472139
2005-12-02,0.531723348069103
2005-12-05,0.531443631332025
2005-12-06,0.537376220276086
2005-12-07,0.527890905601602
2005-12-08,0.529136851436188
2005-12-09,0.533012924697862
2005-12-12,0.53860211336349
2005-12-13,0.546117761212973
2005-12-14,0.550036387664206
2005-12-15,0.543506381962487
2005-12-16,0.54410311563093
2005-12-19,0.536810248552002
2005-12-20,0.538878655648293
2005-12-21,0.547935479114818
2005-12-22,0.551773268830253
2005-12-23,0.553988651364702
2005-12-27,0.542468866485267
2005-12-28,0.549784793003107
2005-12-29,0.550487641344416
2005-12-30,0.54502425764381
2006-01-03,0.574049691454661
2006-01-04,0.583309649467632
2006-01-05,0.579390588403263
2006-01-06,0.592772469147255
2006-01-09,0.596650467861821
2006-01-10,0.590286455918711
2006-01-11,0.596002787518816
2006-01-12,0.587179774073402
2006-01-13,0.592526619816246
2006-01-17,0.584997864219084
2006-01-18,0.571119864318854
2006-01-19,0.588064080767287
2006-01-20,0.5668869522961
2006-01-23,0.579469490387914
2006-01-24,0.587722784405207
2006-01-25,0.587186253801836
2006-01-26,0.602375846461372
2006-01-27,0.616276882670141
2006-01-30,0.618266080672186
2006-01-31,0.619358770532718
2006-02-01,0.617478561102108
2006-02-02,0.599585534233352
2006-02-03,0.591191237059832
2006-02-06,0.600538738655738
2006-02-07,0.580333478909509
2006-02-08,0.583568631094618
2006-02-09,0.583909844045547
2006-02-10,0.582155434378398
2006-02-13,0.574346783822004
2006-02-14,0.585583780690184
2006-02-15,0.583235113400636
2006-02-16,0.590616904739901
2006-02-17,0.593437269571673
2006-02-21,0.59205931462462
2006-02-22,0.596899869417718
2006-02-23,0.595472051097563
2006-02-24,0.597282348090729
2006-02-27,0.601048074510061
2006-02-28,0.59081418827882
2006-03-01,0.60307139831324
2006-03-02,0.60152248053965
2006-03-03,0.597021467967287
2006-03-06,0.593286959524563
2006-03-07,0.583271668962339
2006-03-08,0.585027308588609
2006-03-09,0.583594491866638
2006-03-10,0.593570116576643
2006-03-13,0.595676296460198
2006-03-14,0.605682030985678
2006-03-15,0.613953786627978
2006-03-16,0.616450484757846
2006-03-17,0.617177535463845
2006-03-20,0.613751110861982
2006-03-21,0.602518682375433
2006-03-22,0.611993072560403
2006-03-23,0.60902686014628
2006-03-24,0.61345339872809
2006-03-27,0.611929894939113
2006-03-28,0.606723963594872
2006-03-29,0.621362724184551
2006-03-30,0.624063856391861
2006-03-31,0.61889934124244
2006-04-03,0.623974876463588
2006-04-04,0.630253858538526
2006-04-05,0.640167241708505
2006-04-06,0.639700261032528
2006-04-07,0.624965704130927
2006-04-10,0.628202362164567
2006-04-11,0.617526942954082
2006-04-12,0.617978801375524
2006-04-13,0.619263559063912
2006-04-17,0.626706896615983
2006-04-18,0.652819899683343
2006-04-19,0.660140297298038
2006-04-20,0.65386334992143
2006-04-21,0.661923914561055
2006-04-24,0.657793542373216
2006-04-25,0.653242700561815
2006-04-26,0.66074600255231
2006-04-27,0.657835133197903
2006-04-28,0.660592953463299
2006-05-01,0.663308544420453
2006-05-02,0.67839641868793
2006-05-03,0.675360077629563
2006-05-04,0.68149413940507
2006-05-05,0.697883683681021
2006-05-08,0.699485710880168
2006-05-09,0.702559721190587
2006-05-10,0.701643943237426
2006-05-11,0.683212798374523
2006-05-12,0.660381747265467
2006-05-15,0.645468816465343
2006-05-16,0.647002398243174
2006-05-17,0.614091947100369
2006-05-18,0.606288696159941
2006-05-19,0.612128556803612
2006-05-22,0.589423665222145
2006-05-23,0.590972233522827
2006-05-24,0.591490346947431
2006-05-25,0.594350407876902
2006-05-26,0.594977963316684
2006-05-30,0.593536853382394
2006-05-31,0.593998702388673
2006-06-01,0.595311274721058
2006-06-02,0.597360988409164
2006-06-05,0.59555232768624
2006-06-06,0.596226394295139
2006-06-07,0.595898174857986
2006-06-08,0.596498672374932
2006-06-09,0.597427747891165
2006-06-12,0.597427423723764
2006-06-13,0.596919246899526
2006-06-14,0.595244840445998
2006-06-15,0.596418721729439
2006-06-16,0.596095477783939
2006-06-19,0.594891555999321
2006-06-20,0.593924807875857
2006-06-21,0.595086130263308
2006-06-22,0.593344610517346
2006-06-23,0.592642719395833
2006-06-26,0.594039282097651
2006-06-27,0.593153428585947
2006-06-28,0.59456920767402
2006-06-29,0.599183293760964
2006-06-30,0.600741428318433
2006-07-03,0.603426808043889
2006-07-05,0.602674363069508
2006-07-06,0.603701197782502
2006-07-07,0.600396520856288
2006-07-10,0.60198591131368
2006-07-11,0.606349346103975
2006-07-12,0.594883445469502
2006-07-13,0.575488605541777
2006-07-14,0.568265858562445
2006-07-17,0.556760876227247
2006-07-18,0.559356549690486
2006-07-19,0.586986805620407
2006-07-20,0.575921912295663
2006-07-21,0.568420309434296
2006-07-24,0.590934848870826
2006-07-25,0.597515321919419
2006-07-26,0.602435887206873
2006-07-27,0.602569985468804
2006-07-28,0.61689863268415
2006-07-31,0.61435800908253
2006-08-01,0.608122919559099
2006-08-02,0.618215179572693
2006-08-03,0.616209787823043
2006-08-04,0.619673182524962
2006-08-07,0.615782166514528
2006-08-08,0.613765526687315
2006-08-09,0.613592147791897
2006-08-10,0.614161614101049
2006-08-11,0.60725734929224
2006-08-14,0.606698489967387
2006-08-15,0.623744937441947
2006-08-16,0.632696040396814
2006-08-17,0.632063091585221
2006-08-18,0.636741082698301
2006-08-21,0.634799125847155
2006-08-22,0.635182992216712
2006-08-23,0.6238609993822
2006-08-24,0.623521346746138
2006-08-25,0.624662070926862
2006-08-28,0.630675258341877
2006-08-29,0.637309100204573
2006-08-30,0.639004393413972
2006-08-31,0.641864868899359
2006-09-01,0.652236756141243
2006-09-05,0.657538275284621
2006-09-06,0.641547124983099
2006-09-07,0.633050864336757
2006-09-08,0.637573950907008
2006-09-11,0.630748690195013
2006-09-12,0.64552656957008
2006-09-13,0.648420784934903
2006-09-14,0.645135219129832
2006-09-15,0.647508614255739
2006-09-18,0.651739593618406
2006-09-19,0.64760664394468
2006-09-20,0.658657484458665
2006-09-21,0.652736113096942
2006-09-22,0.64957320009649
2006-09-25,0.657983277415997
2006-09-26,0.658782443260375
2006-09-27,0.65979187316261
2006-09-28,0.660191096869664
2006-09-29,0.655447452254891
2006-10-02,0.658553654791574
2006-10-03,0.661827276036697
2006-10-04,0.673122677033756
2006-10-05,0.67541581201456
2006-10-06,0.668428999232989
2006-10-09,0.668367906292852
2006-10-10,0.669654146051505
2006-10-11,0.66716517559836
2006-10-12,0.681732728436748
2006-10-13,0.683654526171002
2006-10-16,0.689489331569478
2006-10-17,0.680605834010047
2006-10-18,0.68311640886962
2006-10-19,0.690268086897057
2006-10-20,0.691591243430882
2006-10-23,0.697669242323979
2006-10-24,0.700244349472978
2006-10-25,0.70906469057841
2006-10-26,0.719385088948964
2006-10-27,0.707154032212266
2006-10-30,0.705025097425265
2006-10-31,0.708917757705019
2006-11-01,0.703357823450776
2006-11-02,0.702812001915393
2006-11-03,0.702711518165675
2006-11-06,0.720117106543871
2006-11-07,0.72038529033616
2006-11-08,0.723245022302296
2006-11-09,0.71870444528607
2006-11-10,0.720325542071033
2006-11-13,0.719259822328857
2006-11-14,0.731151775237428
2006-11-15,0.733954042728019
2006-11-16,0.729951899488962
2006-11-17,0.732579296948613
2006-11-20,0.728948163289063
2006-11-21,0.739808810672698
2006-11-22,0.749449222192189
2006-11-24,0.749467239108457
2006-11-27,0.728195660277675
2006-11-28,0.736700968930111
2006-11-29,0.754092044415614
2006-11-30,0.761514254357238
2006-12-01,0.755358936358062
2006-12-04,0.772014917059175
2006-12-05,0.778620674037735
2006-12-06,0.774005593120124
2006-12-07,0.770126222308803
2006-12-08,0.767013306184888
2006-12-11,0.772032487970695
2006-12-12,0.768958722820894
2006-12-13,0.770401028854486
2006-12-14,0.78570914634055
2006-12-15,0.78360785829029
2006-12-18,0.77605061248906
2006-12-19,0.777490120295188
2006-12-20,0.776496661885435
2006-12-21,0.770689210609784
2006-12-22,0.765255966178958
2006-12-26,0.774201897884958
2006-12-27,0.787807693569372
2006-12-28,0.787955154664864
2006-12-29,0.784579527494077
2007-01-03,0.785252483283637
2007-01-04,0.777991636094727
2007-01-05,0.75874583338978
2007-01-08,0.763322554689305
2007-01-09,0.760757956267742
2007-01-10,0.757125296152237
2007-01-11,0.764982896183551
2007-01-12,0.775786999226275
2007-01-16,0.777565544483453
2007-01-17,0.777640492930778
2007-01-18,0.77558551996642
2007-01-19,0.78387520641415
2007-01-22,0.780156123283598
2007-01-23,0.788372541344218
2007-01-24,0.797077962906088
2007-01-25,0.777189498216231
2007-01-26,0.777682727817268
2007-01-29,0.778027969661113
2007-01-30,0.787369143031027
2007-01-31,0.792526208703505
2007-02-01,0.801550161751376
2007-02-02,0.804980717262983
2007-02-05,0.804677125401922
2007-02-06,0.812140267354431
2007-02-07,0.815423468450456
2007-02-08,0.815065073972922
2007-02-09,0.803493744414833
2007-02-12,0.794229154236603
2007-02-13,0.812593113079329
2007-02-14,0.826390979467498
2007-02-15,0.831618943449703
2007-02-16,0.831420374850325
2007-02-20,0.835127595241312
2007-02-21,0.834605363518732
2007-02-22,0.836730487384383
2007-02-23,0.837127361455032
2007-02-26,0.841117865436196
2007-02-27,0.762074755155568
2007-02-28,0.775591774863204
2007-03-01,0.762669635150991
2007-03-02,0.743458281494084
2007-03-05,0.718781554673413
2007-03-06,0.746883490379655
2007-03-07,0.745234546002791
2007-03-08,0.751018909482105
2007-03-09,0.749976846480847
2007-03-12,0.754109083707728
2007-03-13,0.749497552045898
2007-03-14,0.750399287127095
2007-03-15,0.753483258095317
2007-03-16,0.752889336794243
2007-03-19,0.753628374507886
2007-03-20,0.754832487085531
2007-03-21,0.755934528800128
2007-03-22,0.753516002120891
2007-03-23,0.753092172258813
2007-03-26,0.755064510945077
2007-03-27,0.754321002138941
2007-03-28,0.752923026636118
2007-03-29,0.754863025400914
2007-03-30,0.753005537429387
2007-04-02,0.760434075651858
2007-04-03,0.773363932007333
2007-04-04,0.77608042183046
2007-04-05,0.783785940592282
2007-04-09,0.785737500386699
2007-04-10,0.793467027228035
2007-04-11,0.783569517514568
2007-04-12,0.794921676491256
2007-04-13,0.800207171724438
2007-04-16,0.81599544209621
2007-04-17,0.814493702926325
2007-04-18,0.813700096555422
2007-04-19,0.802689880742563
2007-04-20,0.819525932037669
2007-04-23,0.816104614711775
2007-04-24,0.812615176780197
2007-04-25,0.828383460555163
2007-04-26,0.823738149796543
2007-04-27,0.820507983097752
2007-04-30,0.804338224818472
2007-05-01,0.806651677054946
2007-05-02,0.823124517200242
2007-05-03,0.833043870563266
2007-05-04,0.840883811792457
2007-05-07,0.846482586689483
2007-05-08,0.839009529297948
2007-05-09,0.847016129429278
2007-05-10,0.822760068658835
2007-05-11,0.845769844253709
2007-05-14,0.838281190417295
2007-05-15,0.841410589711879
2007-05-16,0.852233612258876
2007-05-17,0.853039085143211
2007-05-18,0.861741875077164
2007-05-21,0.863454373710452
2007-05-22,0.859958981722153
2007-05-23,0.86239874095248
2007-05-24,0.839523978549592
2007-05-25,0.855026170989803
2007-05-29,0.85615064992557
2007-05-30,0.867957135352135
2007-05-31,0.873924742355523
2007-06-01,0.885856394438846
2007-06-04,0.891575648582727
2007-06-05,0.884153308115684
2007-06-06,0.86384725061786
2007-06-07,0.837453987242925
2007-06-08,0.857458712285924
2007-06-11,0.860514495047522
2007-06-12,0.842767832014667
2007-06-13,0.862694571463984
2007-06-14,0.875969599556972
2007-06-15,0.891327589757346
2007-06-18,0.893242421047011
2007-06-19,0.895439988454564
2007-06-20,0.880578053939351
2007-06-21,0.893627786911529
2007-06-22,0.878554390126486
2007-06-25,0.872633413615649
2007-06-26,0.860147626291993
2007-06-27,0.870153596793872
2007-06-28,0.874089832573821
2007-06-29,0.877024883585154
2007-07-02,0.894617622701411
2007-07-03,0.899995614029688
2007-07-05,0.90391647652762
2007-07-06,0.913694144446544
2007-07-09,0.923412701066555
2007-07-10,0.90646088922784
2007-07-11,0.915078105448529
2007-07-12,0.940998033531918
2007-07-13,0.947812412771601
2007-07-16,0.940170163697034
2007-07-17,0.940441984529041
2007-07-18,0.93795434291294
2007-07-19,0.950312283325407
2007-07-20,0.941046873083264
2007-07-23,0.952531591924227
2007-07-24,0.922094403801168
2007-07-25,0.926892646870782
2007-07-26,0.870299288423266
2007-07-27,0.84287234120624
2007-07-30,0.870240560461763
2007-07-31,0.863906454519031
2007-08-01,0.856431178825926
2007-08-02,0.861651262248297
2007-08-03,0.83791669643566
2007-08-06,0.845213413542509
2007-08-07,0.846896932876229
2007-08-08,0.851456609986964
2007-08-09,0.843263099315495
2007-08-10,0.839855946691649
2007-08-13,0.841283953089728
2007-08-14,0.842149085335011
2007-08-15,0.841957257209849
2007-08-16,0.842370204588181
2007-08-17,0.842322918735717
2007-08-20,0.843012382953747
2007-08-21,0.843800660526713
2007-08-22,0.843533164591994
2007-08-23,0.843764745443335
2007-08-24,0.844120346836071
2007-08-27,0.844548075623005
2007-08-28,0.845675552356914
2007-08-29,0.846401908319435
2007-08-30,0.849535476615188
2007-08-31,0.851789782843102
2007-09-04,0.855980354818167
2007-09-05,0.852228053733129
2007-09-06,0.853290779110288
2007-09-07,0.845992625518895
2007-09-10,0.844327257361924
2007-09-11,0.860103001631483
2007-09-12,0.862446091078937
2007-09-13,0.869944392579172
2007-09-14,0.871856558377506
2007-09-17,0.857275222617658
2007-09-18,0.911963898347945
2007-09-19,0.923373711621019
2007-09-20,0.913354451384939
2007-09-21,0.925779291348847
2007-09-24,0.932000128798485
2007-09-25,0.92905622840495
2007-09-26,0.942302591977364
2007-09-27,0.958596361558874
2007-09-28,0.953411797905446
2007-10-01,0.987721489075333
2007-10-02,0.986949140036899
2007-10-03,0.968163295264288
2007-10-04,0.977221688642236
2007-10-05,1.0065818862195
2007-10-08,0.989908791525365
2007-10-09,1.01391011651268
2007-10-10,1.01103768359068
2007-10-11,1.00640590761562
2007-10-12,1.01722673368033
2007-10-15,0.996421768797124
2007-10-16,0.97320519739337
2007-10-17,0.988354676607269
2007-10-18,0.995367321614926
2007-10-19,0.940444371130162
2007-10-22,0.943368380766618
2007-10-23,0.96890421639541
2007-10-24,0.963910352478389
2007-10-25,0.979074625044339
2007-10-26,1.01068302105165
2007-10-29,1.02908808084683
2007-10-30,1.0088218181378
2007-10-31,1.03636601812336
2007-11-01,0.994609464712821
2007-11-02,1.00520776877006
2007-11-05,0.983944132045717
2007-11-06,1.01385036436513
2007-11-07,0.980667931239635
2007-11-08,0.985882630948341
2007-11-09,0.964878249613869
2007-11-12,0.933634661016997
2007-11-13,0.961192564371492
2007-11-14,0.964967161888083
2007-11-15,0.956106171019461
2007-11-16,0.960821640674828
2007-11-19,0.953916542155075
2007-11-20,0.958380788431708
2007-11-21,0.951343134313883
2007-11-23,0.952684297982027
2007-11-26,0.949231737505766
2007-11-27,0.950547305091576
2007-11-28,0.955271933560196
2007-11-29,0.956224824147939
2007-11-30,0.957224234198071
2007-12-03,0.958648892209894
2007-12-04,0.960030380484071
2007-12-05,0.960757643926453
2007-12-06,0.959175431619315
2007-12-07,0.958412153758448
2007-12-10,0.958556100162859
2007-12-11,0.952822162283179
2007-12-12,0.954452829738507
2007-12-13,0.95272188372971
2007-12-14,0.935150999634232
2007-12-17,0.916876251420662
2007-12-18,0.928014368597167
2007-12-19,0.929619025840901
2007-12-20,0.93585820431455
2007-12-21,0.951352467752682
2007-12-24,0.955647888734286
2007-12-26,0.957628548741115
2007-12-27,0.946434590961223
2007-12-28,0.948661400989329
2007-12-31,0.942664685416956
2008-01-02,0.934737966156626
2008-01-03,0.938137804622121
2008-01-04,0.918081575867921
2008-01-07,0.917903768862118
2008-01-08,0.911324418131916
2008-01-09,0.915596380258409
2008-01-10,0.911885160251041
2008-01-11,0.910917110185803
2008-01-14,0.91390301716893
2008-01-15,0.908834780140701
2008-01-16,0.903361770854803
2008-01-17,0.903217679016899
2008-01-18,0.902821765998789
2008-01-22,0.904645601882853
2008-01-23,0.904245996711876
2008-01-24,0.901610331966727
2008-01-25,0.904132455244124
2008-01-28,0.903603110984167
2008-01-29,0.902760963474457
2008-01-30,0.902354323872028
2008-01-31,0.903406726688451
2008-02-01,0.904344427551121
2008-02-04,0.903159170372099
2008-02-05,0.903487869735494
2008-02-06,0.900141024190224
2008-02-07,0.901207432572282
2008-02-08,0.897713740857055
2008-02-11,0.89525111345741
2008-02-12,0.90011534185708
2008-02-13,0.899840096011344
2008-02-14,0.894932056584758
2008-02-15,0.89686122062674
2008-02-19,0.893563912185748
2008-02-20,0.901366097432986
2008-02-21,0.895375787312201
2008-02-22,0.904205073896396
2008-02-25,0.920432833233627
2008-02-26,0.931407135576744
2008-02-27,0.933094343089071
2008-02-28,0.925315182794284
2008-02-29,0.885908705504495
2008-03-03,0.892851162476054
2008-03-04,0.878032249610456
2008-03-05,0.89568653404605
2008-03-06,0.876122309710671
2008-03-07,0.860427361836238
2008-03-10,0.848245309579631
2008-03-11,0.878423900374668
2008-03-12,0.871995473889381
2008-03-13,0.87248835653267
2008-03-14,0.858534707448464
2008-03-17,0.842581750306751
2008-03-18,0.862603502744094
2008-03-19,0.834501171946191
2008-03-20,0.839700102308435
2008-03-24,0.848822325158512
2008-03-25,0.850957690302389
2008-03-26,0.845208342442294
2008-03-27,0.842646219628214
2008-03-28,0.841081825483998
2008-03-31,0.841911392553887
2008-04-01,0.850616149090216
2008-04-02,0.850379062656057
2008-04-03,0.85449203409588
2008-04-04,0.854333993547452
2008-04-07,0.85419029638304
2008-04-08,0.848905553451268
2008-04-09,0.834060471058331
2008-04-10,0.838215941843729
2008-04-11,0.820774233440326
2008-04-14,0.818379976143898
2008-04-15,0.82877709221439
2008-04-16,0.873722127811078
2008-04-17,0.864830239630813
2008-04-18,0.883305322053796
2008-04-21,0.888029006940924
2008-04-22,0.87534193998229
2008-04-23,0.883474655722396
2008-04-24,0.881351604112347
2008-04-25,0.892913393665315
2008-04-28,0.893936467154387
2008-04-29,0.876525399760038
2008-04-30,0.880978140266221
2008-05-01,0.905219066186715
2008-05-02,0.915153179928727
2008-05-05,0.914593124696863
2008-05-06,0.928701148177318
2008-05-07,0.891594404047752
2008-05-08,0.902004070053057
2008-05-09,0.893772374441547
2008-05-12,0.915290555488936
2008-05-13,0.91527544012359
2008-05-14,0.918185830076389
2008-05-15,0.943230164968068
2008-05-16,0.957387057537397
2008-05-19,0.957736106160125
2008-05-20,0.941746163501322
2008-05-21,0.91670761062086
2008-05-22,0.920168613297465
2008-05-23,0.901826611296157
2008-05-27,0.903886229114119
2008-05-28,0.913473459394913
2008-05-29,0.911819048011932
2008-05-30,0.919198335521199
2008-06-02,0.907933571974892
2008-06-03,0.899020114057593
2008-06-04,0.893911345250588
2008-06-05,0.917396828572159
2008-06-06,0.895217822164116
2008-06-09,0.899136987644
2008-06-10,0.885093681114747
2008-06-11,0.8796452252786
2008-06-12,0.877898171963581
2008-06-13,0.883676408476967
2008-06-16,0.884781927161117
2008-06-17,0.889418154320889
2008-06-18,0.889518439413088
2008-06-19,0.886236836500633
2008-06-20,0.886362265311343
2008-06-23,0.887153879816807
2008-06-24,0.886604365774817
2008-06-25,0.887379924406576
2008-06-26,0.885391738431027
2008-06-27,0.884842737501108
2008-06-30,0.885313919337437
2008-07-01,0.885580521914595
2008-07-02,0.880760072989861
2008-07-03,0.87915035179432
2008-07-07,0.876724789791411
2008-07-08,0.875380576706157
2008-07-09,0.875057044113076
2008-07-10,0.875211537787019
2008-07-11,0.873595526082562
2008-07-14,0.874618505385323
2008-07-15,0.874916640997135
2008-07-16,0.873146973162233
2008-07-17,0.872559889246578
2008-07-18,0.871985078748265
2008-07-21,0.871286531110193
2008-07-22,0.871567144848787
2008-07-23,0.871592958036288
2008-07-24,0.872832004313056
2008-07-25,0.872149258812404
2008-07-28,0.872731342915673
2008-07-29,0.87418660157292
2008-07-30,0.875376417649727
2008-07-31,0.874114480740943
2008-08-01,0.872653810972013
2008-08-04,0.870654878066007
2008-08-05,0.887750292159608
2008-08-06,0.887980460290897
2008-08-07,0.870921270889668
2008-08-08,0.888543083090083
2008-08-11,0.895285649703062
2008-08-12,0.885321265083485
2008-08-13,0.87651874833955
2008-08-14,0.883813497542695
2008-08-15,0.88534982692863
2008-08-18,0.871705415055078
2008-08-19,0.858125874399112
2008-08-20,0.860537685732478
2008-08-21,0.855301071597121
2008-08-22,0.868256134345104
2008-08-25,0.858227518733427
2008-08-26,0.859222220798342
2008-08-27,0.862605025060649
2008-08-28,0.872052496395125
2008-08-29,0.865738361445684
2008-09-02,0.868888313318281
2008-09-03,0.869365070039469
2008-09-04,0.853630716115611
2008-09-05,0.852472585085893
2008-09-08,0.868342586260014
2008-09-09,0.860186932138981
2008-09-10,0.858477450682027
2008-09-11,0.860349160880091
2008-09-12,0.860481638465141
2008-09-15,0.849692207439791
2008-09-16,0.841365301643768
2008-09-17,0.837724254583203
2008-09-18,0.837847694786664
2008-09-19,0.845011305837893
2008-09-22,0.836171037819687
2008-09-23,0.836661322844947
2008-09-24,0.83443993574977
2008-09-25,0.837898060808848
2008-09-26,0.84292598690518
2008-09-29,0.831988971386009
2008-09-30,0.837161734754859
2008-10-01,0.836737392362461
2008-10-02,0.836190755518211
2008-10-03,0.836992956614905
2008-10-06,0.838289894375116
2008-10-07,0.838334874500944
2008-10-08,0.836347194881478
2008-10-09,0.835237617286866
2008-10-10,0.834186618592729
2008-10-13,0.832818006726762
2008-10-14,0.832430331264408
2008-10-15,0.833231655163162
2008-10-16,0.833181369803266
2008-10-17,0.833225871127034
2008-10-20,0.833181368722976
2008-10-21,0.833307455806912
2008-10-22,0.833396464576041
2008-10-23,0.833359375788296
2008-10-24,0.832113646676907
2008-10-27,0.83200141527122
2008-10-28,0.831200735164797
2008-10-29,0.830940105012821
2008-10-30,0.830458702139226
2008-10-31,0.829732042800558
2008-11-03,0.830004256355534
2008-11-04,0.830137515188369
2008-11-05,0.830249016799173
2008-11-06,0.830216488296532
2008-11-07,0.829666348202493
2008-11-10,0.829886974268199
2008-11-11,0.830130288905126
2008-11-12,0.830438690671615
2008-11-13,0.842550391565979
2008-11-14,0.835430531092823
2008-11-17,0.834715686079167
2008-11-18,0.836351130680023
2008-11-19,0.832311409552712
2008-11-20,0.825375189283639
2008-11-21,0.835949623751796
2008-11-24,0.838709305781044
2008-11-25,0.844291138718858
2008-11-26,0.847942985755879
2008-11-28,0.848834891494966
2008-12-01,0.841934260398649
2008-12-02,0.846610067315458
2008-12-03,0.846992864215642
2008-12-04,0.846511273501255
2008-12-05,0.844535487160969
2008-12-08,0.845723850393713
2008-12-09,0.848302141640658
2008-12-10,0.848138229648947
2008-12-11,0.846931460660428
2008-12-12,0.848125783511254
2008-12-15,0.845093037356684
2008-12-16,0.86045982944234
2008-12-17,0.862998910620448
2008-12-18,0.848712510248916
2008-12-19,0.847363531053329
2008-12-22,0.818957925313285
2008-12-23,0.801961612529142
2008-12-24,0.815473453163041
2008-12-26,0.827660399732049
2008-12-29,0.8219321989675
2008-12-30,0.86387741332284
2008-12-31,0.890836068547089
2009-01-02,0.918612617661865
2009-01-05,0.912892940741923
2009-01-06,0.939646438502601
2009-01-07,0.88879660507871
2009-01-08,0.89944048566573
2009-01-09,0.849435403590301
2009-01-12,0.801122810080737
2009-01-13,0.80008680943066
2009-01-14,0.748272614754961
2009-01-15,0.757823071451295
2009-01-16,0.774843351606165
2009-01-20,0.723519346942806
2009-01-21,0.74537001952705
2009-01-22,0.737672600547114
2009-01-23,0.738552098607234
2009-01-26,0.739231221129367
2009-01-27,0.743650141972906
2009-01-28,0.75186071485987
2009-01-29,0.741204489881197
2009-01-30,0.734864048115896
2009-02-02,0.732714913851433
2009-02-03,0.738606790918318
2009-02-04,0.740631052976691
2009-02-05,0.743424890994925
2009-02-06,0.744748093932773
2009-02-09,0.744238939163667
2009-02-10,0.740585038235713
2009-02-11,0.740496412383737
2009-02-12,0.741102061978492
2009-02-13,0.740565539909086
2009-02-17,0.732436598448786
2009-02-18,0.731445054484062
2009-02-19,0.728901896119753
2009-02-20,0.72589145521942
2009-02-23,0.717259302570467
2009-02-24,0.724661679418509
2009-02-25,0.723947217778157
2009-02-26,0.721123077212824
2009-02-27,0.719402409531422
2009-03-02,0.715276650757035
2009-03-03,0.716345572198985
2009-03-04,0.719225231039973
2009-03-05,0.719225231039973
2009-03-06,0.719225231039973
2009-03-09,0.719225231039973
2009-03-10,0.719225231039973
2009-03-11,0.720568302801175
2009-03-12,0.721045230699177
2009-03-13,0.720839772388794
2009-03-16,0.719907333937895
2009-03-17,0.721275223566636
2009-03-18,0.7240878248999
2009-03-19,0.72357522289956
2009-03-20,0.721549502375666
2009-03-23,0.732836075948601
2009-03-24,0.723908579375452
2009-03-25,0.734865668112666
2009-03-26,0.75686895531469
2009-03-27,0.724663790464249
2009-03-30,0.669511327221754
2009-03-31,0.698602598186175
2009-04-01,0.73154632707252
2009-04-02,0.797777702172666
2009-04-03,0.82436881981342
2009-04-06,0.803914342024826
2009-04-07,0.757012685067723
2009-04-08,0.772476750023385
2009-04-09,0.843856106084446
2009-04-13,0.859734104084968
2009-04-14,0.823585368180803
2009-04-15,0.857454512058265
2009-04-16,0.880550032770147
2009-04-17,0.880490614967332
2009-04-20,0.789463309419774
2009-04-21,0.836792600952693
2009-04-22,0.821301018297857
2009-04-23,0.854433774623693
2009-04-24,0.88805435420708
2009-04-27,0.850457582912199
2009-04-28,0.838921876055364
2009-04-29,0.894154545876933
2009-04-30,0.906606191134059
2009-05-01,0.921961310244989
2009-05-04,1.01641803993324
2009-05-05,0.993710025280544
2009-05-06,1.04558238474309
2009-05-07,0.996941196206688
2009-05-08,1.07619345590876
2009-05-11,1.01871239156731
2009-05-12,1.01938966529848
2009-05-13,0.942926134441395
2009-05-14,0.964914899585153
2009-05-15,0.941399407681474
2009-05-18,1.02313445049168
2009-05-19,1.03154799546555
2009-05-20,1.03412686283516
2009-05-21,1.00001733642928
2009-05-22,1.00621185284383
2009-05-26,1.05908376737241
2009-05-27,1.01961017843546
2009-05-28,1.05648045180582
2009-05-29,1.10352674477543
2009-06-01,1.16816401959993
2009-06-02,1.16726412839303
2009-06-03,1.11031472780308
2009-06-04,1.1384511785331
2009-06-05,1.12382730292206
2009-06-08,1.11014385091581
2009-06-09,1.11809587888462
2009-06-10,1.12336374105314
2009-06-11,1.14603440803648
2009-06-12,1.1400042396848
2009-06-15,1.06598568372314
2009-06-16,1.03241073284676
2009-06-17,1.02235639568195
2009-06-18,1.02822493657981
2009-06-19,1.041107641627
2009-06-22,0.97134974661041
2009-06-23,0.981204750622174
2009-06-24,1.00328545047335
2009-06-25,1.03165713120995
2009-06-26,1.03266817861301
2009-06-29,1.04191637157937
2009-06-30,1.0337115625162
2009-07-01,1.03780642082561
2009-07-02,1.01873947784158
2009-07-06,1.0182412349634
2009-07-07,1.01331943237722
2009-07-08,1.01646251343434
2009-07-09,1.01480838968621
2009-07-10,1.01499735818968
2009-07-13,1.01680327588277
2009-07-14,1.01602244386453
2009-07-15,1.01458054480225
2009-07-16,1.01759527975171
2009-07-17,1.0166442281302
2009-07-20,1.02162790670158
2009-07-21,1.02616924063975
2009-07-22,1.02955667643048
2009-07-23,1.05978659080212
2009-07-24,1.06644940065663
2009-07-27,1.07583817019218
2009-07-28,1.0706659584764
2009-07-29,1.05203109852828
2009-07-30,1.08855808624724
2009-07-31,1.1003029520056
2009-08-03,1.14307131865204
2009-08-04,1.14518008712808
2009-08-05,1.14154087570318
2009-08-06,1.12924996918029
2009-08-07,1.15134582739403
2009-08-10,1.13680307355309
2009-08-11,1.1104888487693
2009-08-12,1.13156325157267
2009-08-13,1.15406522860918
2009-08-14,1.13413477872595
2009-08-17,1.06982985707527
2009-08-18,1.09478095227157
2009-08-19,1.10516582450329
2009-08-20,1.12946782613252
2009-08-21,1.16269891276806
2009-08-24,1.16800881689146
2009-08-25,1.17301740107782
2009-08-26,1.17143629585084
2009-08-27,1.18069730921932
2009-08-28,1.18278616625845
2009-08-31,1.16192137488227
2009-09-01,1.11875931461532
2009-09-02,1.11746568541485
2009-09-03,1.1323187807201
2009-09-04,1.1512351402214
2009-09-08,1.17557373487824
2009-09-09,1.18972045925673
2009-09-10,1.21247712388655
2009-09-11,1.21274895815774
2009-09-14,1.22144638504766
2009-09-15,1.23641248849601
2009-09-16,1.28223855170704
2009-09-17,1.27203424220441
2009-09-18,1.27288849501477
2009-09-21,1.25459121401908
2009-09-22,1.28767433659888
2009-09-23,1.25969010883903
2009-09-24,1.22357947006584
2009-09-25,1.22198465144841
2009-09-28,1.25877260444667
2009-09-29,1.25593992314788
2009-09-30,1.25702754015981
2009-10-01,1.19421953728071
2009-10-02,1.17965328684503
2009-10-05,1.21421963405038
2009-10-06,1.24117197546603
2009-10-07,1.24836571529318
2009-10-08,1.27722008074544
2009-10-09,1.27978017690675
2009-10-12,1.28932598112658
2009-10-13,1.28366503747557
2009-10-14,1.33139962968035
2009-10-15,1.33256878095225
2009-10-16,1.30764985677081
2009-10-19,1.33567278596447
2009-10-20,1.31743139522944
2009-10-21,1.30804006954422
2009-10-22,1.32149949337322
2009-10-23,1.29769827558793
2009-10-26,1.27131018604519
2009-10-27,1.25748001214968
2009-10-28,1.20748445640152
2009-10-29,1.25106558138859
2009-10-30,1.2015233704643
2009-11-02,1.21435688436424
2009-11-03,1.21380410661638
2009-11-04,1.22199338109999
2009-11-05,1.23844533773524
2009-11-06,1.24245956384239
2009-11-09,1.2721471022729
2009-11-10,1.26962280245429
2009-11-11,1.27221438868904
2009-11-12,1.25746946652781
2009-11-13,1.26727264775506
2009-11-16,1.28459277483294
2009-11-17,1.28260486637452
2009-11-18,1.28019542074137
2009-11-19,1.26678700560733
2009-11-20,1.26243628547404
2009-11-23,1.27663587937601
2009-11-24,1.27466975182707
2009-11-25,1.28380863922994
2009-11-27,1.25703721970362
2009-11-30,1.26641702162364
2009-12-01,1.29818574044296
2009-12-02,1.30618035938874
2009-12-03,1.28807943368793
2009-12-04,1.2928154278565
2009-12-07,1.28554903726504
2009-12-08,1.25918866498146
2009-12-09,1.26748765056408
2009-12-10,1.27306322999496
2009-12-11,1.28107754745634
2009-12-14,1.29721895743044
2009-12-15,1.28250222602363
2009-12-16,1.28822757197024
2009-12-17,1.26543594416933
2009-12-18,1.27046172929658
2009-12-21,1.27765711476743
2009-12-22,1.28390854138298
2009-12-23,1.28794094682825
2009-12-24,1.294262233603
2009-12-28,1.29683618683267
2009-12-29,1.29478946626289
2009-12-30,1.29441691691153
2009-12-31,1.28363585496434
2010-01-04,1.30812556263571
2010-01-05,1.31063372664539
2010-01-06,1.31562954106465
2010-01-07,1.3146560341521
2010-01-08,1.32223973148147
2010-01-11,1.32805989065544
2010-01-12,1.29920495838073
2010-01-13,1.31513914611706
2010-01-14,1.31722276706429
2010-01-15,1.29203280055687
2010-01-19,1.31731615427915
2010-01-20,1.27874885884564
2010-01-21,1.23284426503693
2010-01-22,1.19494933542341
2010-01-25,1.20947591082543
2010-01-26,1.19122794639037
2010-01-27,1.18917495402902
2010-01-28,1.18155957409948
2010-01-29,1.17454309815439
2010-02-01,1.18138017886892
2010-02-02,1.18512664815086
2010-02-03,1.18227697292234
2010-02-04,1.18071570440687
2010-02-05,1.18072696139784
2010-02-08,1.18031362293132
2010-02-09,1.17961736091623
2010-02-10,1.17809445896554
2010-02-11,1.17781020551881
2010-02-12,1.17841302138551
2010-02-16,1.17871553767301
2010-02-17,1.17745767187343
2010-02-18,1.17687495039707
2010-02-19,1.17726826429231
2010-02-22,1.17697751761963
2010-02-23,1.17757961305947
2010-02-24,1.17808346316829
2010-02-25,1.17983943645559
2010-02-26,1.17980512025969
2010-03-01,1.18555869881109
2010-03-02,1.18738960553634
2010-03-03,1.18929140044508
2010-03-04,1.19033113691418
2010-03-05,1.21229721014289
2010-03-08,1.21410334894398
2010-03-09,1.22055211546169
2010-03-10,1.22850987995868
2010-03-11,1.2352344972387
2010-03-12,1.23788340170942
2010-03-15,1.23074643602938
2010-03-16,1.25490946748474
2010-03-17,1.27067986538592
2010-03-18,1.26031368828844
2010-03-19,1.24531610102945
2010-03-22,1.25234596063015
2010-03-23,1.26669154483955
2010-03-24,1.2438637033488
2010-03-25,1.23665430830983
2010-03-26,1.24334558557454
2010-03-29,1.26510351398925
2010-03-30,1.26785031028873
2010-03-31,1.26083953856462
2010-04-01,1.29114314101987
2010-04-05,1.30742812440136
2010-04-06,1.31320142391156
2010-04-07,1.295866497365
2010-04-08,1.30031610733101
2010-04-09,1.31756486661937
2010-04-12,1.31577553285117
2010-04-13,1.31826998870462
2010-04-14,1.34400056605569
2010-04-15,1.33847644545415
2010-04-16,1.29603506560968
2010-04-19,1.29351763495715
2010-04-20,1.31554125882271
2010-04-21,1.31450289352349
2010-04-22,1.31912070177433
2010-04-23,1.33295906918548
2010-04-26,1.33466639326842
2010-04-27,1.27026718308582
2010-04-28,1.2817515887511
2010-04-29,1.31325379205726
2010-04-30,1.28451671961086
2010-05-03,1.30302713325568
2010-05-04,1.25940276792019
2010-05-05,1.24220448680243
2010-05-06,1.20530077216795
2010-05-07,1.19521893895833
2010-05-10,1.231462234101
2010-05-11,1.22948488327548
2010-05-12,1.23461140897934
2010-05-13,1.23092193303945
2010-05-14,1.22649480068605
2010-05-17,1.22596516086317
2010-05-18,1.2236030103331
2010-05-19,1.22244280368414
2010-05-20,1.21666116035944
2010-05-21,1.21805698993133
2010-05-24,1.21785865681988
2010-05-25,1.21814794190351
2010-05-26,1.2177514954098
2010-05-27,1.2147737120864
2010-05-28,1.21551820123031
2010-06-01,1.21610812161786
2010-06-02,1.21487005876161
2010-06-03,1.21417518384972
2010-06-04,1.21747789410943
2010-06-07,1.21837547871384
2010-06-08,1.2177284375165
2010-06-09,1.21765567086638
2010-06-10,1.21541605120362
2010-06-11,1.21707158241748
2010-06-14,1.21647602609244
2010-06-15,1.21578586387119
2010-06-16,1.21654198101039
2010-06-17,1.21807973097883
2010-06-18,1.21822951188099
2010-06-21,1.21704870278073
2010-06-22,1.19960337970535
2010-06-23,1.20181302402747
2010-06-24,1.17691779894803
2010-06-25,1.1885541781296
2010-06-28,1.18314270206215
2010-06-29,1.12375615445819
2010-06-30,1.11140539089986
2010-07-01,1.11574175813024
2010-07-02,1.1145238081385
2010-07-06,1.13382065604634
2010-07-07,1.15269467407604
2010-07-08,1.15993632113305
2010-07-09,1.16421316319522
2010-07-12,1.16105043026161
2010-07-13,1.17231039973815
2010-07-14,1.17700998517443
2010-07-15,1.17907261964863
2010-07-16,1.15247934067261
2010-07-19,1.15961166003627
2010-07-20,1.17106480353137
2010-07-21,1.15874286593933
2010-07-22,1.17927287061674
2010-07-23,1.18499167942757
2010-07-26,1.19274654628147
2010-07-27,1.19178133048074
2010-07-28,1.18716182472008
2010-07-29,1.18420305704049
2010-07-30,1.19224325151335
2010-08-02,1.2401836120159
2010-08-03,1.23106541674678
2010-08-04,1.239935886975
2010-08-05,1.23565321504352
2010-08-06,1.23278635544946
2010-08-09,1.24393691257821
2010-08-10,1.22847966788991
2010-08-11,1.16372288132393
2010-08-12,1.15808702604813
2010-08-13,1.15800706427392
2010-08-16,1.16628702315515
2010-08-17,1.19108682174264
2010-08-18,1.19174601526979
2010-08-19,1.16555574011127
2010-08-20,1.15671230143065
2010-08-23,1.14967679603931
2010-08-24,1.13053648072744
2010-08-25,1.12780960223351
2010-08-26,1.12761625163989
2010-08-27,1.1347246136173
2010-08-30,1.13337733500922
2010-08-31,1.13401383059889
2010-09-01,1.13385173171838
2010-09-02,1.1328640154396
2010-09-03,1.13110975246914
2010-09-07,1.13489663043779
2010-09-08,1.13355314601362
2010-09-09,1.1317166043851
2010-09-10,1.13132207304893
2010-09-13,1.13513256807588
2010-09-14,1.13794904930568
2010-09-15,1.14118325987049
2010-09-16,1.1373328058009
2010-09-17,1.13633505720792
2010-09-20,1.16605294308022
2010-09-21,1.16251334574696
2010-09-22,1.15871965976108
2010-09-23,1.14146381137175
2010-09-24,1.18164997456831
2010-09-27,1.175805924472
2010-09-28,1.18595187742893
2010-09-29,1.18374228676996
2010-09-30,1.1807655029402
2010-10-01,1.19690430303853
2010-10-04,1.18494800198929
2010-10-05,1.2234155381359
2010-10-06,1.23051601515997
2010-10-07,1.22345837006948
2010-10-08,1.23898105217316
2010-10-11,1.23773674198228
2010-10-12,1.23528951601474
2010-10-13,1.25714144977475
2010-10-14,1.25558209336567
2010-10-15,1.2532522413491
2010-10-18,1.26428939384863
2010-10-19,1.21803320239853
2010-10-20,1.24854286653052
2010-10-21,1.24162642794798
2010-10-22,1.24645534993541
2010-10-25,1.2623814399264
2010-10-26,1.25404444889496
2010-10-27,1.23354923810665
2010-10-28,1.2421322420463
2010-10-29,1.24551024292531
2010-11-01,1.25119581030075
2010-11-02,1.27479510690927
2010-11-03,1.28468614589273
2010-11-04,1.33297000950004
2010-11-05,1.33503788909486
2010-11-08,1.3289691058173
2010-11-09,1.30298208673178
2010-11-10,1.31431611246806
2010-11-11,1.30461997842805
2010-11-12,1.27432814916072
2010-11-15,1.27062071130147
2010-11-16,1.23044633153527
2010-11-17,1.23641811033727
2010-11-18,1.2708243102748
2010-11-19,1.27232867320502
2010-11-22,1.26799452508281
2010-11-23,1.22844286120387
2010-11-24,1.25639335082473
2010-11-26,1.236473278084
2010-11-29,1.23698311968492
2010-11-30,1.2327837462664
2010-12-01,1.25829267329547
2010-12-02,1.27128732938721
2010-12-03,1.27390793463655
2010-12-06,1.27650229808613
2010-12-07,1.27550901473773
2010-12-08,1.27204685624049
2010-12-09,1.27531628368658
2010-12-10,1.27901403041159
2010-12-13,1.28188724358026
2010-12-14,1.28250425846201
2010-12-15,1.27673347398594
2010-12-16,1.28386118621914
2010-12-17,1.284802539562
2010-12-20,1.28684640824593
2010-12-21,1.29770324583094
2010-12-22,1.30338424051615
2010-12-23,1.30308526124173
2010-12-27,1.30412180314831
2010-12-28,1.30727735964344
2010-12-29,1.3205579712163
2010-12-30,1.32127015045767
2010-12-31,1.32632649585074
